date,datatype,station,attributes,value
2022-01-01,PRCP,GHCND:USW00014732,",,W,2400",193
2022-01-01,TMAX,GHCND:USW00014732,",,W,2400",139
2022-01-01,TMIN,GHCND:USW00014732,",,W,2400",100
2022-01-02,PRCP,GHCND:USW00014732,",,W,2400",10
2022-01-02,TMAX,GHCND:USW00014732,",,W,2400",156
2022-01-02,TMIN,GHCND:USW00014732,",,W,2400",39
2022-01-03,PRCP,GHCND:USW00014732,",,W,2400",0
2022-01-03,TMAX,GHCND:USW00014732,",,W,2400",39
2022-01-03,TMIN,GHCND:USW00014732,",,W,2400",-43
2022-01-04,PRCP,GHCND:USW00014732,",,W,2400",0
2022-01-04,TMAX,GHCND:USW00014732,",,W,2400",22
2022-01-04,TMIN,GHCND:USW00014732,",,W,2400",-60
2022-01-05,PRCP,GHCND:USW00014732,",,W,2400",61
2022-01-05,TMAX,GHCND:USW00014732,",,W,2400",89
2022-01-05,TMIN,GHCND:USW00014732,",,W,2400",0
2022-01-06,PRCP,GHCND:USW00014732,",,W,2400",0
2022-01-06,TMAX,GHCND:USW00014732,",,W,2400",61
2022-01-06,TMIN,GHCND:USW00014732,",,W,2400",22
2022-01-07,PRCP,GHCND:USW00014732,",,W,2400",84
2022-01-07,TMAX,GHCND:USW00014732,",,W,2400",22
2022-01-07,TMIN,GHCND:USW00014732,",,W,2400",-21
2022-01-08,PRCP,GHCND:USW00014732,",,W,2400",0
2022-01-08,TMAX,GHCND:USW00014732,",,W,2400",0
2022-01-08,TMIN,GHCND:USW00014732,",,W,2400",-49
2022-01-09,PRCP,GHCND:USW00014732,",,W,2400",28
2022-01-09,TMAX,GHCND:USW00014732,",,W,2400",56
2022-01-09,TMIN,GHCND:USW00014732,",,W,2400",-10
2022-01-10,PRCP,GHCND:USW00014732,",,W,2400",0
2022-01-10,TMAX,GHCND:USW00014732,",,W,2400",56
2022-01-10,TMIN,GHCND:USW00014732,",,W,2400",-32
2022-01-11,PRCP,GHCND:USW00014732,"T,,W,2400",0
2022-01-11,TMAX,GHCND:USW00014732,",,W,2400",-32
2022-01-11,TMIN,GHCND:USW00014732,",,W,2400",-82
2022-01-12,PRCP,GHCND:USW00014732,",,W,2400",0
2022-01-12,TMAX,GHCND:USW00014732,",,W,2400",56
2022-01-12,TMIN,GHCND:USW00014732,",,W,2400",-66
2022-01-13,PRCP,GHCND:USW00014732,",,W,2400",0
2022-01-13,TMAX,GHCND:USW00014732,",,W,2400",78
2022-01-13,TMIN,GHCND:USW00014732,",,W,2400",6
2022-01-14,PRCP,GHCND:USW00014732,",,W,2400",0
2022-01-14,TMAX,GHCND:USW00014732,",,W,2400",61
2022-01-14,TMIN,GHCND:USW00014732,",,W,2400",-55
2022-01-15,PRCP,GHCND:USW00014732,",,W,2400",0
2022-01-15,TMAX,GHCND:USW00014732,",,W,2400",-55
2022-01-15,TMIN,GHCND:USW00014732,",,W,2400",-105
2022-01-16,PRCP,GHCND:USW00014732,",,W,2400",91
2022-01-16,TMAX,GHCND:USW00014732,",,W,2400",44
2022-01-16,TMIN,GHCND:USW00014732,",,W,2400",-121
2022-01-17,PRCP,GHCND:USW00014732,",,W,2400",269
2022-01-17,TMAX,GHCND:USW00014732,",,W,2400",78
2022-01-17,TMIN,GHCND:USW00014732,",,W,2400",17
2022-01-18,PRCP,GHCND:USW00014732,",,W,2400",0
2022-01-18,TMAX,GHCND:USW00014732,",,W,2400",33
2022-01-18,TMIN,GHCND:USW00014732,",,W,2400",-5
2022-01-19,PRCP,GHCND:USW00014732,",,W,2400",0
2022-01-19,TMAX,GHCND:USW00014732,",,W,2400",106
2022-01-19,TMIN,GHCND:USW00014732,",,W,2400",-16
2022-01-20,PRCP,GHCND:USW00014732,",,W,2400",64
2022-01-20,TMAX,GHCND:USW00014732,",,W,2400",83
2022-01-20,TMIN,GHCND:USW00014732,",,W,2400",-49
2022-01-21,PRCP,GHCND:USW00014732,",,W,2400",0
2022-01-21,TMAX,GHCND:USW00014732,",,W,2400",-49
2022-01-21,TMIN,GHCND:USW00014732,",,W,2400",-93
2022-01-22,PRCP,GHCND:USW00014732,",,W,2400",0
2022-01-22,TMAX,GHCND:USW00014732,",,W,2400",-10
2022-01-22,TMIN,GHCND:USW00014732,",,W,2400",-99
2022-01-23,PRCP,GHCND:USW00014732,",,W,2400",3
2022-01-23,TMAX,GHCND:USW00014732,",,W,2400",33
2022-01-23,TMIN,GHCND:USW00014732,",,W,2400",-32
2022-01-24,PRCP,GHCND:USW00014732,"T,,W,2400",0
2022-01-24,TMAX,GHCND:USW00014732,",,W,2400",33
2022-01-24,TMIN,GHCND:USW00014732,",,W,2400",-21
2022-01-25,PRCP,GHCND:USW00014732,",,W,2400",0
2022-01-25,TMAX,GHCND:USW00014732,",,W,2400",61
2022-01-25,TMIN,GHCND:USW00014732,",,W,2400",-10
2022-01-26,PRCP,GHCND:USW00014732,",,W,2400",0
2022-01-26,TMAX,GHCND:USW00014732,",,W,2400",-10
2022-01-26,TMIN,GHCND:USW00014732,",,W,2400",-60
2022-01-27,PRCP,GHCND:USW00014732,",,W,2400",0
2022-01-27,TMAX,GHCND:USW00014732,",,W,2400",0
2022-01-27,TMIN,GHCND:USW00014732,",,W,2400",-77
2022-01-28,PRCP,GHCND:USW00014732,",,W,2400",28
2022-01-28,TMAX,GHCND:USW00014732,",,W,2400",17
2022-01-28,TMIN,GHCND:USW00014732,",,W,2400",-10
2022-01-29,PRCP,GHCND:USW00014732,",,W,2400",124
2022-01-29,TMAX,GHCND:USW00014732,",,W,2400",-10
2022-01-29,TMIN,GHCND:USW00014732,",,W,2400",-93
2022-01-30,PRCP,GHCND:USW00014732,",,W,2400",0
2022-01-30,TMAX,GHCND:USW00014732,",,W,2400",-27
2022-01-30,TMIN,GHCND:USW00014732,",,W,2400",-99
2022-01-31,PRCP,GHCND:USW00014732,",,W,2400",0
2022-01-31,TMAX,GHCND:USW00014732,",,W,2400",-10
2022-01-31,TMIN,GHCND:USW00014732,",,W,2400",-71
2022-02-01,PRCP,GHCND:USW00014732,",,W,2400",0
2022-02-01,TMAX,GHCND:USW00014732,",,W,2400",28
2022-02-01,TMIN,GHCND:USW00014732,",,W,2400",-43
2022-02-02,PRCP,GHCND:USW00014732,",,W,2400",0
2022-02-02,TMAX,GHCND:USW00014732,",,W,2400",56
2022-02-02,TMIN,GHCND:USW00014732,",,W,2400",-5
2022-02-03,PRCP,GHCND:USW00014732,",,W,2400",107
2022-02-03,TMAX,GHCND:USW00014732,",,W,2400",89
2022-02-03,TMIN,GHCND:USW00014732,",,W,2400",39
2022-02-04,PRCP,GHCND:USW00014732,",,W,2400",188
2022-02-04,TMAX,GHCND:USW00014732,",,W,2400",128
2022-02-04,TMIN,GHCND:USW00014732,",,W,2400",-21
2022-02-05,PRCP,GHCND:USW00014732,",,W,2400",0
2022-02-05,TMAX,GHCND:USW00014732,",,W,2400",-16
2022-02-05,TMIN,GHCND:USW00014732,",,W,2400",-60
2022-02-06,PRCP,GHCND:USW00014732,",,W,2400",0
2022-02-06,TMAX,GHCND:USW00014732,",,W,2400",0
2022-02-06,TMIN,GHCND:USW00014732,",,W,2400",-82
2022-02-07,PRCP,GHCND:USW00014732,",,W,2400",38
2022-02-07,TMAX,GHCND:USW00014732,",,W,2400",44
2022-02-07,TMIN,GHCND:USW00014732,",,W,2400",-5
2022-02-08,PRCP,GHCND:USW00014732,",,W,2400",20
2022-02-08,TMAX,GHCND:USW00014732,",,W,2400",83
2022-02-08,TMIN,GHCND:USW00014732,",,W,2400",11
2022-02-09,PRCP,GHCND:USW00014732,",,W,2400",0
2022-02-09,TMAX,GHCND:USW00014732,",,W,2400",67
2022-02-09,TMIN,GHCND:USW00014732,",,W,2400",-5
2022-02-10,PRCP,GHCND:USW00014732,",,W,2400",0
2022-02-10,TMAX,GHCND:USW00014732,",,W,2400",133
2022-02-10,TMIN,GHCND:USW00014732,",,W,2400",11
2022-02-11,PRCP,GHCND:USW00014732,",,W,2400",0
2022-02-11,TMAX,GHCND:USW00014732,",,W,2400",133
2022-02-11,TMIN,GHCND:USW00014732,",,W,2400",28
2022-02-12,PRCP,GHCND:USW00014732,",,W,2400",0
2022-02-12,TMAX,GHCND:USW00014732,",,W,2400",156
2022-02-12,TMIN,GHCND:USW00014732,",,W,2400",56
2022-02-13,PRCP,GHCND:USW00014732,",,W,2400",48
2022-02-13,TMAX,GHCND:USW00014732,",,W,2400",56
2022-02-13,TMIN,GHCND:USW00014732,",,W,2400",-32
2022-02-14,PRCP,GHCND:USW00014732,",,W,2400",0
2022-02-14,TMAX,GHCND:USW00014732,",,W,2400",-27
2022-02-14,TMIN,GHCND:USW00014732,",,W,2400",-77
2022-02-15,PRCP,GHCND:USW00014732,",,W,2400",0
2022-02-15,TMAX,GHCND:USW00014732,",,W,2400",0
2022-02-15,TMIN,GHCND:USW00014732,",,W,2400",-77
2022-02-16,PRCP,GHCND:USW00014732,",,W,2400",0
2022-02-16,TMAX,GHCND:USW00014732,",,W,2400",83
2022-02-16,TMIN,GHCND:USW00014732,",,W,2400",-27
2022-02-17,PRCP,GHCND:USW00014732,",,W,2400",76
2022-02-17,TMAX,GHCND:USW00014732,",,W,2400",172
2022-02-17,TMIN,GHCND:USW00014732,",,W,2400",83
2022-02-18,PRCP,GHCND:USW00014732,",,W,2400",64
2022-02-18,TMAX,GHCND:USW00014732,",,W,2400",172
2022-02-18,TMIN,GHCND:USW00014732,",,W,2400",-21
2022-02-19,PRCP,GHCND:USW00014732,"T,,W,2400",0
2022-02-19,TMAX,GHCND:USW00014732,",,W,2400",50
2022-02-19,TMIN,GHCND:USW00014732,",,W,2400",-38
2022-02-20,PRCP,GHCND:USW00014732,",,W,2400",0
2022-02-20,TMAX,GHCND:USW00014732,",,W,2400",22
2022-02-20,TMIN,GHCND:USW00014732,",,W,2400",-55
2022-02-21,PRCP,GHCND:USW00014732,",,W,2400",0
2022-02-21,TMAX,GHCND:USW00014732,",,W,2400",122
2022-02-21,TMIN,GHCND:USW00014732,",,W,2400",6
2022-02-22,PRCP,GHCND:USW00014732,",,W,2400",58
2022-02-22,TMAX,GHCND:USW00014732,",,W,2400",133
2022-02-22,TMIN,GHCND:USW00014732,",,W,2400",22
2022-02-23,PRCP,GHCND:USW00014732,"T,,W,2400",0
2022-02-23,TMAX,GHCND:USW00014732,",,W,2400",200
2022-02-23,TMIN,GHCND:USW00014732,",,W,2400",22
2022-02-24,PRCP,GHCND:USW00014732,"T,,W,2400",0
2022-02-24,TMAX,GHCND:USW00014732,",,W,2400",22
2022-02-24,TMIN,GHCND:USW00014732,",,W,2400",-16
2022-02-25,PRCP,GHCND:USW00014732,",,W,2400",208
2022-02-25,TMAX,GHCND:USW00014732,",,W,2400",61
2022-02-25,TMIN,GHCND:USW00014732,",,W,2400",-27
2022-02-26,PRCP,GHCND:USW00014732,",,W,2400",0
2022-02-26,TMAX,GHCND:USW00014732,",,W,2400",33
2022-02-26,TMIN,GHCND:USW00014732,",,W,2400",-43
2022-02-27,PRCP,GHCND:USW00014732,",,W,2400",0
2022-02-27,TMAX,GHCND:USW00014732,",,W,2400",89
2022-02-27,TMIN,GHCND:USW00014732,",,W,2400",-10
2022-02-28,PRCP,GHCND:USW00014732,",,W,2400",0
2022-02-28,TMAX,GHCND:USW00014732,",,W,2400",22
2022-02-28,TMIN,GHCND:USW00014732,",,W,2400",-27
2022-03-01,PRCP,GHCND:USW00014732,",,W,2400",0
2022-03-01,TMAX,GHCND:USW00014732,",,W,2400",89
2022-03-01,TMIN,GHCND:USW00014732,",,W,2400",-5
2022-03-02,PRCP,GHCND:USW00014732,",,W,2400",0
2022-03-02,TMAX,GHCND:USW00014732,",,W,2400",117
2022-03-02,TMIN,GHCND:USW00014732,",,W,2400",44
2022-03-03,PRCP,GHCND:USW00014732,",,W,2400",8
2022-03-03,TMAX,GHCND:USW00014732,",,W,2400",89
2022-03-03,TMIN,GHCND:USW00014732,",,W,2400",-38
2022-03-04,PRCP,GHCND:USW00014732,",,W,2400",0
2022-03-04,TMAX,GHCND:USW00014732,",,W,2400",33
2022-03-04,TMIN,GHCND:USW00014732,",,W,2400",-55
2022-03-05,PRCP,GHCND:USW00014732,",,W,2400",0
2022-03-05,TMAX,GHCND:USW00014732,",,W,2400",72
2022-03-05,TMIN,GHCND:USW00014732,",,W,2400",-5
2022-03-06,PRCP,GHCND:USW00014732,",,W,2400",13
2022-03-06,TMAX,GHCND:USW00014732,",,W,2400",200
2022-03-06,TMIN,GHCND:USW00014732,",,W,2400",39
2022-03-07,PRCP,GHCND:USW00014732,",,W,2400",13
2022-03-07,TMAX,GHCND:USW00014732,",,W,2400",233
2022-03-07,TMIN,GHCND:USW00014732,",,W,2400",100
2022-03-08,PRCP,GHCND:USW00014732,",,W,2400",0
2022-03-08,TMAX,GHCND:USW00014732,",,W,2400",100
2022-03-08,TMIN,GHCND:USW00014732,",,W,2400",44
2022-03-09,PRCP,GHCND:USW00014732,",,W,2400",147
2022-03-09,TMAX,GHCND:USW00014732,",,W,2400",50
2022-03-09,TMIN,GHCND:USW00014732,",,W,2400",6
2022-03-10,PRCP,GHCND:USW00014732,",,W,2400",0
2022-03-10,TMAX,GHCND:USW00014732,",,W,2400",100
2022-03-10,TMIN,GHCND:USW00014732,",,W,2400",0
2022-03-11,PRCP,GHCND:USW00014732,",,W,2400",0
2022-03-11,TMAX,GHCND:USW00014732,",,W,2400",117
2022-03-11,TMIN,GHCND:USW00014732,",,W,2400",22
2022-03-12,PRCP,GHCND:USW00014732,",,W,2400",119
2022-03-12,TMAX,GHCND:USW00014732,",,W,2400",83
2022-03-12,TMIN,GHCND:USW00014732,",,W,2400",-38
2022-03-13,PRCP,GHCND:USW00014732,"T,,W,2400",0
2022-03-13,TMAX,GHCND:USW00014732,",,W,2400",17
2022-03-13,TMIN,GHCND:USW00014732,",,W,2400",-49
2022-03-14,PRCP,GHCND:USW00014732,",,W,2400",0
2022-03-14,TMAX,GHCND:USW00014732,",,W,2400",139
2022-03-14,TMIN,GHCND:USW00014732,",,W,2400",11
2022-03-15,PRCP,GHCND:USW00014732,"T,,W,2400",0
2022-03-15,TMAX,GHCND:USW00014732,",,W,2400",200
2022-03-15,TMIN,GHCND:USW00014732,",,W,2400",78
2022-03-16,PRCP,GHCND:USW00014732,",,W,2400",0
2022-03-16,TMAX,GHCND:USW00014732,",,W,2400",178
2022-03-16,TMIN,GHCND:USW00014732,",,W,2400",61
2022-03-17,PRCP,GHCND:USW00014732,",,W,2400",28
2022-03-17,TMAX,GHCND:USW00014732,",,W,2400",128
2022-03-17,TMIN,GHCND:USW00014732,",,W,2400",56
2022-03-18,PRCP,GHCND:USW00014732,",,W,2400",0
2022-03-18,TMAX,GHCND:USW00014732,",,W,2400",228
2022-03-18,TMIN,GHCND:USW00014732,",,W,2400",94
2022-03-19,PRCP,GHCND:USW00014732,",,W,2400",18
2022-03-19,TMAX,GHCND:USW00014732,",,W,2400",200
2022-03-19,TMIN,GHCND:USW00014732,",,W,2400",78
2022-03-20,PRCP,GHCND:USW00014732,"T,,W,2400",0
2022-03-20,TMAX,GHCND:USW00014732,",,W,2400",161
2022-03-20,TMIN,GHCND:USW00014732,",,W,2400",78
2022-03-21,PRCP,GHCND:USW00014732,",,W,2400",0
2022-03-21,TMAX,GHCND:USW00014732,",,W,2400",167
2022-03-21,TMIN,GHCND:USW00014732,",,W,2400",67
2022-03-22,PRCP,GHCND:USW00014732,",,W,2400",0
2022-03-22,TMAX,GHCND:USW00014732,",,W,2400",139
2022-03-22,TMIN,GHCND:USW00014732,",,W,2400",67
2022-03-23,PRCP,GHCND:USW00014732,",,W,2400",28
2022-03-23,TMAX,GHCND:USW00014732,",,W,2400",83
2022-03-23,TMIN,GHCND:USW00014732,",,W,2400",39
2022-03-24,PRCP,GHCND:USW00014732,",,W,2400",259
2022-03-24,TMAX,GHCND:USW00014732,",,W,2400",83
2022-03-24,TMIN,GHCND:USW00014732,",,W,2400",39
2022-03-25,PRCP,GHCND:USW00014732,",,W,2400",8
2022-03-25,TMAX,GHCND:USW00014732,",,W,2400",156
2022-03-25,TMIN,GHCND:USW00014732,",,W,2400",67
2022-03-26,PRCP,GHCND:USW00014732,",,W,2400",10
2022-03-26,TMAX,GHCND:USW00014732,",,W,2400",117
2022-03-26,TMIN,GHCND:USW00014732,",,W,2400",61
2022-03-27,PRCP,GHCND:USW00014732,"T,,W,2400",0
2022-03-27,TMAX,GHCND:USW00014732,",,W,2400",72
2022-03-27,TMIN,GHCND:USW00014732,",,W,2400",-10
2022-03-28,PRCP,GHCND:USW00014732,",,W,2400",0
2022-03-28,TMAX,GHCND:USW00014732,",,W,2400",0
2022-03-28,TMIN,GHCND:USW00014732,",,W,2400",-43
2022-03-29,PRCP,GHCND:USW00014732,",,W,2400",0
2022-03-29,TMAX,GHCND:USW00014732,",,W,2400",28
2022-03-29,TMIN,GHCND:USW00014732,",,W,2400",-38
2022-03-30,PRCP,GHCND:USW00014732,",,W,2400",0
2022-03-30,TMAX,GHCND:USW00014732,",,W,2400",83
2022-03-30,TMIN,GHCND:USW00014732,",,W,2400",-10
2022-03-31,PRCP,GHCND:USW00014732,",,W,2400",13
2022-03-31,TMAX,GHCND:USW00014732,",,W,2400",178
2022-03-31,TMIN,GHCND:USW00014732,",,W,2400",56
2022-04-01,PRCP,GHCND:USW00014732,",,W,2400",66
2022-04-01,TMAX,GHCND:USW00014732,",,W,2400",161
2022-04-01,TMIN,GHCND:USW00014732,",,W,2400",61
2022-04-02,PRCP,GHCND:USW00014732,",,W,2400",0
2022-04-02,TMAX,GHCND:USW00014732,",,W,2400",128
2022-04-02,TMIN,GHCND:USW00014732,",,W,2400",39
2022-04-03,PRCP,GHCND:USW00014732,",,W,2400",23
2022-04-03,TMAX,GHCND:USW00014732,",,W,2400",78
2022-04-03,TMIN,GHCND:USW00014732,",,W,2400",50
2022-04-04,PRCP,GHCND:USW00014732,",,W,2400",0
2022-04-04,TMAX,GHCND:USW00014732,",,W,2400",122
2022-04-04,TMIN,GHCND:USW00014732,",,W,2400",44
2022-04-05,PRCP,GHCND:USW00014732,",,W,2400",15
2022-04-05,TMAX,GHCND:USW00014732,",,W,2400",128
2022-04-05,TMIN,GHCND:USW00014732,",,W,2400",67
2022-04-06,PRCP,GHCND:USW00014732,",,W,2400",91
2022-04-06,TMAX,GHCND:USW00014732,",,W,2400",117
2022-04-06,TMIN,GHCND:USW00014732,",,W,2400",67
2022-04-07,PRCP,GHCND:USW00014732,",,W,2400",246
2022-04-07,TMAX,GHCND:USW00014732,",,W,2400",133
2022-04-07,TMIN,GHCND:USW00014732,",,W,2400",78
2022-04-08,PRCP,GHCND:USW00014732,",,W,2400",10
2022-04-08,TMAX,GHCND:USW00014732,",,W,2400",178
2022-04-08,TMIN,GHCND:USW00014732,",,W,2400",100
2022-04-09,PRCP,GHCND:USW00014732,",,W,2400",5
2022-04-09,TMAX,GHCND:USW00014732,",,W,2400",133
2022-04-09,TMIN,GHCND:USW00014732,",,W,2400",89
2022-04-10,PRCP,GHCND:USW00014732,"T,,W,2400",0
2022-04-10,TMAX,GHCND:USW00014732,",,W,2400",94
2022-04-10,TMIN,GHCND:USW00014732,",,W,2400",61
2022-04-11,PRCP,GHCND:USW00014732,",,W,2400",0
2022-04-11,TMAX,GHCND:USW00014732,",,W,2400",156
2022-04-11,TMIN,GHCND:USW00014732,",,W,2400",56
2022-04-12,PRCP,GHCND:USW00014732,",,W,2400",10
2022-04-12,TMAX,GHCND:USW00014732,",,W,2400",217
2022-04-12,TMIN,GHCND:USW00014732,",,W,2400",100
2022-04-13,PRCP,GHCND:USW00014732,",,W,2400",0
2022-04-13,TMAX,GHCND:USW00014732,",,W,2400",206
2022-04-13,TMIN,GHCND:USW00014732,",,W,2400",100
2022-04-14,PRCP,GHCND:USW00014732,",,W,2400",28
2022-04-14,TMAX,GHCND:USW00014732,",,W,2400",217
2022-04-14,TMIN,GHCND:USW00014732,",,W,2400",128
2022-04-15,PRCP,GHCND:USW00014732,",,W,2400",0
2022-04-15,TMAX,GHCND:USW00014732,",,W,2400",206
2022-04-15,TMIN,GHCND:USW00014732,",,W,2400",106
2022-04-16,PRCP,GHCND:USW00014732,",,W,2400",36
2022-04-16,TMAX,GHCND:USW00014732,",,W,2400",211
2022-04-16,TMIN,GHCND:USW00014732,",,W,2400",72
2022-04-17,PRCP,GHCND:USW00014732,",,W,2400",0
2022-04-17,TMAX,GHCND:USW00014732,",,W,2400",100
2022-04-17,TMIN,GHCND:USW00014732,",,W,2400",56
2022-04-18,PRCP,GHCND:USW00014732,",,W,2400",234
2022-04-18,TMAX,GHCND:USW00014732,",,W,2400",117
2022-04-18,TMIN,GHCND:USW00014732,",,W,2400",50
2022-04-19,PRCP,GHCND:USW00014732,",,W,2400",290
2022-04-19,TMAX,GHCND:USW00014732,",,W,2400",100
2022-04-19,TMIN,GHCND:USW00014732,",,W,2400",44
2022-04-20,PRCP,GHCND:USW00014732,",,W,2400",0
2022-04-20,TMAX,GHCND:USW00014732,",,W,2400",156
2022-04-20,TMIN,GHCND:USW00014732,",,W,2400",61
2022-04-21,PRCP,GHCND:USW00014732,",,W,2400",0
2022-04-21,TMAX,GHCND:USW00014732,",,W,2400",150
2022-04-21,TMIN,GHCND:USW00014732,",,W,2400",72
2022-04-22,PRCP,GHCND:USW00014732,",,W,2400",0
2022-04-22,TMAX,GHCND:USW00014732,",,W,2400",200
2022-04-22,TMIN,GHCND:USW00014732,",,W,2400",111
2022-04-23,PRCP,GHCND:USW00014732,",,W,2400",0
2022-04-23,TMAX,GHCND:USW00014732,",,W,2400",161
2022-04-23,TMIN,GHCND:USW00014732,",,W,2400",100
2022-04-24,PRCP,GHCND:USW00014732,",,W,2400",0
2022-04-24,TMAX,GHCND:USW00014732,",,W,2400",156
2022-04-24,TMIN,GHCND:USW00014732,",,W,2400",89
2022-04-25,PRCP,GHCND:USW00014732,",,W,2400",0
2022-04-25,TMAX,GHCND:USW00014732,",,W,2400",144
2022-04-25,TMIN,GHCND:USW00014732,",,W,2400",78
2022-04-26,PRCP,GHCND:USW00014732,",,W,2400",13
2022-04-26,TMAX,GHCND:USW00014732,",,W,2400",156
2022-04-26,TMIN,GHCND:USW00014732,",,W,2400",100
2022-04-27,PRCP,GHCND:USW00014732,",,W,2400",0
2022-04-27,TMAX,GHCND:USW00014732,",,W,2400",150
2022-04-27,TMIN,GHCND:USW00014732,",,W,2400",56
2022-04-28,PRCP,GHCND:USW00014732,",,W,2400",0
2022-04-28,TMAX,GHCND:USW00014732,",,W,2400",133
2022-04-28,TMIN,GHCND:USW00014732,",,W,2400",50
2022-04-29,PRCP,GHCND:USW00014732,",,W,2400",0
2022-04-29,TMAX,GHCND:USW00014732,",,W,2400",167
2022-04-29,TMIN,GHCND:USW00014732,",,W,2400",56
2022-04-30,PRCP,GHCND:USW00014732,",,W,2400",0
2022-04-30,TMAX,GHCND:USW00014732,",,W,2400",194
2022-04-30,TMIN,GHCND:USW00014732,",,W,2400",83
2022-05-01,PRCP,GHCND:USW00014732,"T,,W,2400",0
2022-05-01,TMAX,GHCND:USW00014732,",,W,2400",194
2022-05-01,TMIN,GHCND:USW00014732,",,W,2400",89
2022-05-02,PRCP,GHCND:USW00014732,",,W,2400",89
2022-05-02,TMAX,GHCND:USW00014732,",,W,2400",139
2022-05-02,TMIN,GHCND:USW00014732,",,W,2400",100
2022-05-03,PRCP,GHCND:USW00014732,"T,,W,2400",0
2022-05-03,TMAX,GHCND:USW00014732,",,W,2400",161
2022-05-03,TMIN,GHCND:USW00014732,",,W,2400",100
2022-05-04,PRCP,GHCND:USW00014732,",,W,2400",30
2022-05-04,TMAX,GHCND:USW00014732,",,W,2400",194
2022-05-04,TMIN,GHCND:USW00014732,",,W,2400",100
2022-05-05,PRCP,GHCND:USW00014732,",,W,2400",0
2022-05-05,TMAX,GHCND:USW00014732,",,W,2400",217
2022-05-05,TMIN,GHCND:USW00014732,",,W,2400",133
2022-05-06,PRCP,GHCND:USW00014732,",,W,2400",188
2022-05-06,TMAX,GHCND:USW00014732,",,W,2400",167
2022-05-06,TMIN,GHCND:USW00014732,",,W,2400",100
2022-05-07,PRCP,GHCND:USW00014732,",,W,2400",269
2022-05-07,TMAX,GHCND:USW00014732,",,W,2400",111
2022-05-07,TMIN,GHCND:USW00014732,",,W,2400",78
2022-05-08,PRCP,GHCND:USW00014732,",,W,2400",5
2022-05-08,TMAX,GHCND:USW00014732,",,W,2400",150
2022-05-08,TMIN,GHCND:USW00014732,",,W,2400",78
2022-05-09,PRCP,GHCND:USW00014732,",,W,2400",0
2022-05-09,TMAX,GHCND:USW00014732,",,W,2400",206
2022-05-09,TMIN,GHCND:USW00014732,",,W,2400",83
2022-05-10,PRCP,GHCND:USW00014732,",,W,2400",0
2022-05-10,TMAX,GHCND:USW00014732,",,W,2400",217
2022-05-10,TMIN,GHCND:USW00014732,",,W,2400",117
2022-05-11,PRCP,GHCND:USW00014732,",,W,2400",0
2022-05-11,TMAX,GHCND:USW00014732,",,W,2400",244
2022-05-11,TMIN,GHCND:USW00014732,",,W,2400",117
2022-05-12,PRCP,GHCND:USW00014732,",,W,2400",0
2022-05-12,TMAX,GHCND:USW00014732,",,W,2400",222
2022-05-12,TMIN,GHCND:USW00014732,",,W,2400",139
2022-05-13,PRCP,GHCND:USW00014732,"T,,W,2400",0
2022-05-13,TMAX,GHCND:USW00014732,",,W,2400",189
2022-05-13,TMIN,GHCND:USW00014732,",,W,2400",133
2022-05-14,PRCP,GHCND:USW00014732,",,W,2400",71
2022-05-14,TMAX,GHCND:USW00014732,",,W,2400",233
2022-05-14,TMIN,GHCND:USW00014732,",,W,2400",144
2022-05-15,PRCP,GHCND:USW00014732,",,W,2400",5
2022-05-15,TMAX,GHCND:USW00014732,",,W,2400",256
2022-05-15,TMIN,GHCND:USW00014732,",,W,2400",150
2022-05-16,PRCP,GHCND:USW00014732,",,W,2400",119
2022-05-16,TMAX,GHCND:USW00014732,",,W,2400",239
2022-05-16,TMIN,GHCND:USW00014732,",,W,2400",167
2022-05-17,PRCP,GHCND:USW00014732,",,W,2400",0
2022-05-17,TMAX,GHCND:USW00014732,",,W,2400",256
2022-05-17,TMIN,GHCND:USW00014732,",,W,2400",150
2022-05-18,PRCP,GHCND:USW00014732,"T,,W,2400",0
2022-05-18,TMAX,GHCND:USW00014732,",,W,2400",228
2022-05-18,TMIN,GHCND:USW00014732,",,W,2400",139
2022-05-19,PRCP,GHCND:USW00014732,",,W,2400",183
2022-05-19,TMAX,GHCND:USW00014732,",,W,2400",200
2022-05-19,TMIN,GHCND:USW00014732,",,W,2400",128
2022-05-20,PRCP,GHCND:USW00014732,",,W,2400",112
2022-05-20,TMAX,GHCND:USW00014732,",,W,2400",200
2022-05-20,TMIN,GHCND:USW00014732,",,W,2400",122
2022-05-21,PRCP,GHCND:USW00014732,",,W,2400",0
2022-05-21,TMAX,GHCND:USW00014732,",,W,2400",328
2022-05-21,TMIN,GHCND:USW00014732,",,W,2400",144
2022-05-22,PRCP,GHCND:USW00014732,",,W,2400",0
2022-05-22,TMAX,GHCND:USW00014732,",,W,2400",333
2022-05-22,TMIN,GHCND:USW00014732,",,W,2400",217
2022-05-23,PRCP,GHCND:USW00014732,"T,,W,2400",0
2022-05-23,TMAX,GHCND:USW00014732,",,W,2400",228
2022-05-23,TMIN,GHCND:USW00014732,",,W,2400",167
2022-05-24,PRCP,GHCND:USW00014732,"T,,W,2400",0
2022-05-24,TMAX,GHCND:USW00014732,",,W,2400",183
2022-05-24,TMIN,GHCND:USW00014732,",,W,2400",144
2022-05-25,PRCP,GHCND:USW00014732,",,W,2400",0
2022-05-25,TMAX,GHCND:USW00014732,",,W,2400",211
2022-05-25,TMIN,GHCND:USW00014732,",,W,2400",128
2022-05-26,PRCP,GHCND:USW00014732,",,W,2400",0
2022-05-26,TMAX,GHCND:USW00014732,",,W,2400",211
2022-05-26,TMIN,GHCND:USW00014732,",,W,2400",128
2022-05-27,PRCP,GHCND:USW00014732,",,W,2400",41
2022-05-27,TMAX,GHCND:USW00014732,",,W,2400",261
2022-05-27,TMIN,GHCND:USW00014732,",,W,2400",178
2022-05-28,PRCP,GHCND:USW00014732,",,W,2400",69
2022-05-28,TMAX,GHCND:USW00014732,",,W,2400",250
2022-05-28,TMIN,GHCND:USW00014732,",,W,2400",172
2022-05-29,PRCP,GHCND:USW00014732,",,W,2400",0
2022-05-29,TMAX,GHCND:USW00014732,",,W,2400",261
2022-05-29,TMIN,GHCND:USW00014732,",,W,2400",167
2022-05-30,PRCP,GHCND:USW00014732,",,W,2400",0
2022-05-30,TMAX,GHCND:USW00014732,",,W,2400",300
2022-05-30,TMIN,GHCND:USW00014732,",,W,2400",183
2022-05-31,PRCP,GHCND:USW00014732,",,W,2400",0
2022-05-31,TMAX,GHCND:USW00014732,",,W,2400",339
2022-05-31,TMIN,GHCND:USW00014732,",,W,2400",172
2022-06-01,PRCP,GHCND:USW00014732,",,W,2400",213
2022-06-01,TMAX,GHCND:USW00014732,",,W,2400",194
2022-06-01,TMIN,GHCND:USW00014732,",,W,2400",150
2022-06-02,PRCP,GHCND:USW00014732,",,W,2400",132
2022-06-02,TMAX,GHCND:USW00014732,",,W,2400",283
2022-06-02,TMIN,GHCND:USW00014732,",,W,2400",167
2022-06-03,PRCP,GHCND:USW00014732,"T,,W,2400",0
2022-06-03,TMAX,GHCND:USW00014732,",,W,2400",239
2022-06-03,TMIN,GHCND:USW00014732,",,W,2400",161
2022-06-04,PRCP,GHCND:USW00014732,",,W,2400",0
2022-06-04,TMAX,GHCND:USW00014732,",,W,2400",272
2022-06-04,TMIN,GHCND:USW00014732,",,W,2400",172
2022-06-05,PRCP,GHCND:USW00014732,",,W,2400",0
2022-06-05,TMAX,GHCND:USW00014732,",,W,2400",244
2022-06-05,TMIN,GHCND:USW00014732,",,W,2400",156
2022-06-06,PRCP,GHCND:USW00014732,",,W,2400",0
2022-06-06,TMAX,GHCND:USW00014732,",,W,2400",272
2022-06-06,TMIN,GHCND:USW00014732,",,W,2400",178
2022-06-07,PRCP,GHCND:USW00014732,",,W,2400",13
2022-06-07,TMAX,GHCND:USW00014732,",,W,2400",256
2022-06-07,TMIN,GHCND:USW00014732,",,W,2400",183
2022-06-08,PRCP,GHCND:USW00014732,"T,,W,2400",0
2022-06-08,TMAX,GHCND:USW00014732,",,W,2400",294
2022-06-08,TMIN,GHCND:USW00014732,",,W,2400",194
2022-06-09,PRCP,GHCND:USW00014732,",,W,2400",178
2022-06-09,TMAX,GHCND:USW00014732,",,W,2400",294
2022-06-09,TMIN,GHCND:USW00014732,",,W,2400",189
2022-06-10,PRCP,GHCND:USW00014732,",,W,2400",0
2022-06-10,TMAX,GHCND:USW00014732,",,W,2400",267
2022-06-10,TMIN,GHCND:USW00014732,",,W,2400",178
2022-06-11,PRCP,GHCND:USW00014732,",,W,2400",58
2022-06-11,TMAX,GHCND:USW00014732,",,W,2400",239
2022-06-11,TMIN,GHCND:USW00014732,",,W,2400",183
2022-06-12,PRCP,GHCND:USW00014732,",,W,2400",20
2022-06-12,TMAX,GHCND:USW00014732,",,W,2400",228
2022-06-12,TMIN,GHCND:USW00014732,",,W,2400",178
2022-06-13,PRCP,GHCND:USW00014732,"T,,W,2400",0
2022-06-13,TMAX,GHCND:USW00014732,",,W,2400",300
2022-06-13,TMIN,GHCND:USW00014732,",,W,2400",206
2022-06-14,PRCP,GHCND:USW00014732,",,W,2400",0
2022-06-14,TMAX,GHCND:USW00014732,",,W,2400",283
2022-06-14,TMIN,GHCND:USW00014732,",,W,2400",194
2022-06-15,PRCP,GHCND:USW00014732,",,W,2400",0
2022-06-15,TMAX,GHCND:USW00014732,",,W,2400",272
2022-06-15,TMIN,GHCND:USW00014732,",,W,2400",194
2022-06-16,PRCP,GHCND:USW00014732,",,W,2400",71
2022-06-16,TMAX,GHCND:USW00014732,",,W,2400",228
2022-06-16,TMIN,GHCND:USW00014732,",,W,2400",172
2022-06-17,PRCP,GHCND:USW00014732,",,W,2400",0
2022-06-17,TMAX,GHCND:USW00014732,",,W,2400",333
2022-06-17,TMIN,GHCND:USW00014732,",,W,2400",211
2022-06-18,PRCP,GHCND:USW00014732,",,W,2400",0
2022-06-18,TMAX,GHCND:USW00014732,",,W,2400",250
2022-06-18,TMIN,GHCND:USW00014732,",,W,2400",150
2022-06-19,PRCP,GHCND:USW00014732,",,W,2400",0
2022-06-19,TMAX,GHCND:USW00014732,",,W,2400",233
2022-06-19,TMIN,GHCND:USW00014732,",,W,2400",133
2022-06-20,PRCP,GHCND:USW00014732,",,W,2400",0
2022-06-20,TMAX,GHCND:USW00014732,",,W,2400",261
2022-06-20,TMIN,GHCND:USW00014732,",,W,2400",161
2022-06-21,PRCP,GHCND:USW00014732,",,W,2400",23
2022-06-21,TMAX,GHCND:USW00014732,",,W,2400",250
2022-06-21,TMIN,GHCND:USW00014732,",,W,2400",178
2022-06-22,PRCP,GHCND:USW00014732,",,W,2400",25
2022-06-22,TMAX,GHCND:USW00014732,",,W,2400",200
2022-06-22,TMIN,GHCND:USW00014732,",,W,2400",167
2022-06-23,PRCP,GHCND:USW00014732,",,W,2400",0
2022-06-23,TMAX,GHCND:USW00014732,",,W,2400",239
2022-06-23,TMIN,GHCND:USW00014732,",,W,2400",156
2022-06-24,PRCP,GHCND:USW00014732,"T,,W,2400",0
2022-06-24,TMAX,GHCND:USW00014732,",,W,2400",283
2022-06-24,TMIN,GHCND:USW00014732,",,W,2400",178
2022-06-25,PRCP,GHCND:USW00014732,",,W,2400",0
2022-06-25,TMAX,GHCND:USW00014732,",,W,2400",322
2022-06-25,TMIN,GHCND:USW00014732,",,W,2400",206
2022-06-26,PRCP,GHCND:USW00014732,",,W,2400",0
2022-06-26,TMAX,GHCND:USW00014732,",,W,2400",328
2022-06-26,TMIN,GHCND:USW00014732,",,W,2400",217
2022-06-27,PRCP,GHCND:USW00014732,",,W,2400",122
2022-06-27,TMAX,GHCND:USW00014732,",,W,2400",261
2022-06-27,TMIN,GHCND:USW00014732,",,W,2400",206
2022-06-28,PRCP,GHCND:USW00014732,",,W,2400",0
2022-06-28,TMAX,GHCND:USW00014732,",,W,2400",261
2022-06-28,TMIN,GHCND:USW00014732,",,W,2400",200
2022-06-29,PRCP,GHCND:USW00014732,",,W,2400",0
2022-06-29,TMAX,GHCND:USW00014732,",,W,2400",300
2022-06-29,TMIN,GHCND:USW00014732,",,W,2400",189
2022-06-30,PRCP,GHCND:USW00014732,",,W,2400",0
2022-06-30,TMAX,GHCND:USW00014732,",,W,2400",311
2022-06-30,TMIN,GHCND:USW00014732,",,W,2400",217
